<?xml version="1.0" encoding="UTF-8"?>
    <addon id="repository.rkdkodi" name="RkdKodi" version="1.0.0" provider-name="Rkd">
        <requires>
            <import addon="xbmc.addon" version="12.0.0"/>
        </requires>
        <extension point="xbmc.addon.repository" name="RkdKodi">
            <info compressed="false">https://raw.githubusercontent.com/rkd06/rkdkodi/master/_repo/addons.xml</info>
            <checksum>https://raw.githubusercontent.com/rkd06/rkdkodi/master/_repo/addons.xml.md5</checksum>
            <datadir zip="true">https://raw.githubusercontent.com/rkd06/rkdkodi/master/_repo/</datadir>
            <hashes>false</hashes>
        </extension>
        <extension point="xbmc.addon.metadata">
            <summary>Repositorio Oficial RkdKodi</summary>
            <description>Contiene el addon kids</description>
            <platform>all</platform>
    </extension>
</addon>